cssuk;cssut;cssue1;cssue3;RMSD_t1_cc;RMSD_t1_st;RMSD_t1_sw;RMSD_t2_cc;RMSD_t2_st;RMSD_t2_sw;RMSD_t3_cc;RMSD_t3_st;RMSD_t3_sw
5;1;3;5;1.508921349;1.032672876;2.205870333;0.009336727;0.202933772;0.319976481;2.54578926;3.983486652;0.441841858
5;5;3;3;1.638139219;1.993373155;1.118284679;0.011864954;0.223969013;0.298531231;1.818395633;2.699292146;0.529278786
5;0;3;5;1.85217059;1.350058965;2.586968091;0.014089108;0.198088572;0.32459303;2.607499467;4.077367128;0.456473621
5;3;3;5;0.034753143;0.39232982;0.659752601;0.028210208;0.241116253;0.283359614;2.179018839;3.435849453;0.339754525
3;5;5;5;1.648229525;1.986658646;1.152967396;0.033066781;0.234052501;0.261058662;1.711372206;2.730006196;0.220688318
5;5;3;1;1.620974152;1.97489349;1.103043414;0.034231223;0.176605992;0.342773487;1.902609577;2.709139417;0.722322007
5;5;3;0;1.618822499;1.972576539;1.10113366;0.040071471;0.170581179;0.348343642;1.913520501;2.710373327;0.747394414
3;3;5;5;0.073173655;0.323740689;0.654023913;0.042069791;0.157273086;0.333791075;2.236863223;3.500834404;0.387149299
3;5;5;3;1.613886935;1.949536368;1.122692642;0.059548222;0.138314481;0.349103397;1.868015392;2.749960306;0.577364298
5;3;3;3;0.088054157;0.334497683;0.706422703;0.06375847;0.146782983;0.371867914;2.33773075;3.460159358;0.695152298
3;1;5;5;1.59111669;1.173035029;2.20294351;0.080919431;0.117286743;0.370977246;2.617334519;4.070143764;0.491272209
3;0;5;5;1.966325308;1.537132639;2.59441214;0.085841969;0.112205446;0.375667454;2.683527697;4.171302481;0.506296305
5;5;3;5;1.672217881;2.030040818;1.148574558;0.101008696;0.3146757;0.211674723;1.663136503;2.679723239;0.175448596
5;1;3;3;1.613332131;1.149490146;2.29212528;0.102869728;0.106570898;0.409368207;2.708687507;4.014088179;0.798345059
3;5;5;1;1.59658587;1.930822628;1.107458908;0.107656014;0.087997405;0.393978091;1.953095336;2.760004323;0.772252917
5;0;3;3;1.988395746;1.503801504;2.697558052;0.107825927;0.101460175;0.414098271;2.771597029;4.109863291;0.813158596
5;3;3;1;0.115185039;0.305016;0.730113388;0.111437157;0.097356297;0.416988553;2.423733506;3.472422517;0.889066661
3;5;5;0;1.59441702;1.928476087;1.105550093;0.113763517;0.081578062;0.399629241;1.964126266;2.761263025;0.797584668
5;3;3;0;0.118599962;0.301302941;0.733092015;0.117484534;0.091059664;0.422671165;2.434871574;3.473960601;0.914253487
3;3;5;3;0.127539483;0.26412056;0.700700522;0.137923139;0.057274084;0.423577611;2.397197129;3.525884816;0.745459051
5;1;3;1;1.669235668;1.212463985;2.337682034;0.151432541;0.055977982;0.454960136;2.796858848;4.029591037;0.992860523
5;0;3;1;2.065209959;1.591456838;2.758507209;0.156504374;0.050714046;0.459750843;2.860397894;4.126359076;1.007771773
5;1;3;0;1.67642714;1.220589049;2.343507273;0.157596085;0.049527086;0.460703164;2.808271923;4.031538656;1.018125486
5;0;3;0;2.075350462;1.603086405;2.766468594;0.162683137;0.044242846;0.46550165;2.871891171;4.128433073;1.033049363
5;5;1;5;1.654519153;2.027374367;1.108877378;0.175576676;0.166106034;0.675600154;1.90902192;2.791191976;0.618041351
3;1;5;3;1.705484385;1.305535556;2.290775353;0.17858744;0.014872458;0.461699486;2.782405385;4.102366938;0.850754331
3;0;5;3;2.130172175;1.732118418;2.712689869;0.183747634;0.009473431;0.466510167;2.850109955;4.205935393;0.865975166
3;3;5;1;0.155243029;0.233679138;0.72439742;0.18787833;0.004481993;0.469381241;2.484190891;3.538529201;0.94125678
3;3;5;0;0.158731614;0.229842718;0.727376978;0.194229644;0.002266401;0.475151462;2.495464928;3.540115472;0.966708034
5;5;0;5;1.652290176;2.027040788;1.103874645;0.212297855;0.14662819;0.737555481;1.941305294;2.805616205;0.676460057
3;1;5;1;1.767968347;1.378819428;2.337454569;0.229590382;0.039341065;0.508004018;2.871859386;4.118716906;1.047189845
3;0;5;1;2.230787873;1.854973755;2.780759754;0.234888522;0.044928158;0.512879299;2.940364038;4.22355988;1.062516463
3;1;5;0;1.776088289;1.388396593;2.343441991;0.236080727;0.046279554;0.513838541;2.883445719;4.120772207;1.07272403
3;0;5;0;2.244819155;1.87233561;2.789917027;0.241397216;0.051891864;0.518722121;2.952052639;4.22577799;1.08806432
5;3;1;5;0.061717379;0.38815132;0.720061816;0.255385859;0.086369324;0.755515395;2.443433511;3.57131941;0.79286878
5;5;1;3;1.620302521;1.990678254;1.078289255;0.273241433;0.068068811;0.772719839;2.079441805;2.811823573;1.007663609
1;5;5;5;1.618485659;1.962055961;1.115699851;0.288048238;0.03350775;0.758617978;1.986316181;2.870390145;0.692549404
5;3;0;5;0.065145501;0.387627947;0.727740791;0.293141475;0.066000343;0.818714866;2.47827134;3.589019364;0.852786428
5;1;1;5;1.556083663;1.040883051;2.310035779;0.296790371;0.044699808;0.796532096;2.83076895;4.147277637;0.90417087
5;0;1;5;1.907776914;1.360648281;2.708452961;0.302044473;0.039396432;0.801714089;2.897641921;4.248678623;0.920515041
5;5;0;3;1.618055894;1.990341111;1.073248259;0.311220025;0.047539113;0.836233397;2.113965789;2.826398096;1.071381925
5;5;1;1;1.603067026;1.972183939;1.062895933;0.324042061;0.016515631;0.822419171;2.173603028;2.822215773;1.224413646
5;5;1;0;1.600906499;1.969865136;1.060967032;0.330494524;0.009937674;0.828687985;2.185921862;2.823518456;1.252853676
0;5;5;5;1.614748828;1.958968536;1.11101267;0.331094529;0.006716866;0.825452669;2.022562944;2.888663021;0.755099417
5;1;0;5;1.562270788;1.041918133;2.323762478;0.33512042;0.023821761;0.86040166;2.868511923;4.168945406;0.965438533
5;0;0;5;1.915192735;1.361992455;2.724754119;0.340449552;0.018451133;0.865670065;2.936132997;4.271428341;0.982042248
5;3;1;3;0.115506944;0.330210709;0.76777668;0.35672316;0.01628466;0.854925843;2.617903239;3.597371319;1.184535317
5;0;5;0;1.966215459;1.576587423;2.536402829;0.359489368;0.34620821;0.37892521;2.323566322;3.821015896;0.132176702
5;5;0;1;1.600811386;1.97184496;1.057835423;0.362720889;0.004622122;0.886767867;2.20964449;2.836867576;1.291757046
5;1;5;0;1.584762854;1.201862863;2.145104304;0.363776519;0.350696534;0.38291796;2.26797492;3.736019499;0.119617001
5;0;5;1;1.956702434;1.56531581;2.529463347;0.364715602;0.351738738;0.383706135;2.313998076;3.819249538;0.111191057
5;1;5;1;1.577892893;1.193872196;2.139874399;0.368993391;0.356214387;0.387694373;2.258460716;3.734339;0.098638836
5;5;0;0;1.598649724;1.969525925;1.055904064;0.369264816;0.011280745;0.893143945;2.222181849;2.838180023;1.320721107
1;3;5;5;0.119613233;0.284307023;0.710716047;0.372564847;0.052654389;0.840726491;2.537470358;3.675943997;0.871411374
1;5;5;3;1.583869438;1.924668189;1.085139559;0.392762639;0.074676734;0.858254207;2.159489134;2.891715739;1.087938005
5;3;0;3;0.11899931;0.329673698;0.775593955;0.395873446;0.037861938;0.919792728;2.655073437;3.615322327;1.249831159
5;3;5;0;0.065505714;0.3099583;0.614965248;0.397715844;0.386143574;0.414650872;1.927582359;3.224708699;0.029348692
5;1;1;3;1.66325555;1.15852559;2.401884759;0.400197941;0.06059013;0.897184983;3.010293891;4.180833053;1.297309751
5;3;5;1;0.062148302;0.313656667;0.612106793;0.402860384;0.391563816;0.419391948;1.918270121;3.223335005;0.008419072
5;0;1;3;2.048930759;1.516262835;2.828444794;0.405723942;0.066241423;0.902527629;3.078689953;4.284625602;1.313906077
5;0;5;3;1.884366829;1.480076641;2.476011008;0.406052777;0.395327343;0.421748532;2.239302239;3.805178921;0.052224612
5;3;1;1;0.1428941;0.300670893;0.792013602;0.409619522;0.070520882;0.905861434;2.714184643;3.610533636;1.402454409
5;1;5;3;1.524405867;1.131873108;2.09884405;0.410258534;0.399705958;0.425701326;2.184190957;3.720945658;0.064718362
5;3;1;0;0.146341657;0.296950368;0.795061692;0.4163485;0.077455503;0.91228947;2.726774258;3.612185487;1.431050507
1;1;5;5;1.683196551;1.259704874;2.302940469;0.416653823;0.098012682;0.882957932;2.950269981;4.291983634;0.986786586
0;3;5;5;0.125487246;0.279328779;0.717900941;0.417049668;0.08087809;0.909008076;2.577336746;3.699079512;0.935761966
1;0;5;5;2.090984016;1.662682319;2.717766986;0.422262233;0.103804136;0.888298474;3.026434679;4.408445454;1.003979885
0;5;5;3;1.580097828;1.921547088;1.080415984;0.437682936;0.103395021;0.926884764;2.198208041;2.910186394;1.156288501
5;1;0;3;1.669836525;1.159666574;2.416426697;0.440005854;0.082774104;0.962784027;3.05050429;4.202937591;1.364016532
5;3;5;3;0.035469576;0.343023936;0.58936252;0.443568406;0.434307324;0.457121208;1.845599049;3.212374295;0.154559849
5;0;0;3;2.057077268;1.517853936;2.846184583;0.445618161;0.088506031;0.968221277;3.119699859;4.307890408;1.380884422
1;5;5;1;1.566427957;1.905817598;1.069760188;0.44779526;0.132423646;0.909314694;2.255470741;2.902463706;1.308651767
5;3;0;1;0.146420213;0.300126571;0.799903312;0.449554432;0.092805903;0.971625451;2.752924182;3.628614672;1.471425904
5;1;1;1;1.720782975;1.222024111;2.450673996;0.454289912;0.116378641;0.94879421;3.109213434;4.197877391;1.516046667
1;5;5;0;1.564241379;1.90345375;1.067833031;0.454819399;0.139844026;0.915758969;2.268049748;2.903811286;1.337667009
5;3;0;0;0.14987207;0.296405106;0.80296062;0.456386359;0.099834959;0.978168897;2.765739231;3.630282998;1.50055323
5;0;1;1;2.12898021;1.605325858;2.895303653;0.459973769;0.122236014;0.954224143;3.17841587;4.302933192;1.532780765
5;1;1;0;1.728191717;1.230221805;2.456928173;0.461177483;0.123520828;0.955309173;3.122138799;4.200020882;1.544750385
0;1;5;5;1.695207837;1.271036871;2.315945836;0.461954231;0.12707193;0.95202589;2.994918088;4.322008859;1.052834035
5;5;5;0;1.653954952;1.977987349;1.1797612;0.4638277;0.454777713;0.477071583;1.437152474;2.501825332;0.120905368
5;0;1;0;2.139578859;1.617167284;2.904083603;0.466882329;0.129405828;0.960750379;3.191444342;4.305237967;1.561502452
0;0;5;5;2.107883529;1.679951813;2.734125065;0.467670149;0.132974768;0.957468269;3.072680736;4.440926129;1.070370405
5;5;5;1;1.656089888;1.98030062;1.181635159;0.468839608;0.460020505;0.481745613;1.428014547;2.500695346;0.14176223
1;3;5;3;0.17504274;0.223589323;0.758406735;0.481989357;0.167039391;0.942891745;2.715186808;3.703412332;1.269003114
5;0;5;5;1.7551251;1.329647008;2.377775966;0.486398142;0.479306164;0.496776646;2.098328089;3.777350477;0.358777845
5;1;5;5;1.424161433;1.016602316;2.02058941;0.490473153;0.483510901;0.500661815;2.044037425;3.694422817;0.371160708
0;5;5;1;1.562638492;1.902679131;1.065018046;0.49381281;0.162327793;0.978912834;2.295877703;2.921036201;1.381011608
5;1;0;1;1.72759755;1.223232671;2.465692494;0.49493459;0.139333865;1.015325894;3.151066907;4.220210946;1.586465875
5;0;0;1;2.137613647;1.607105602;2.913966884;0.50071188;0.145280655;1.020855136;3.22109717;4.326469943;1.603478478
0;5;5;0;1.560449661;1.900313086;1.06308855;0.500983833;0.169910322;0.985481654;2.308701079;2.922396654;1.410609993
5;1;0;0;1.735037655;1.231439735;2.472010221;0.501932268;0.146579338;1.021960948;3.164227298;4.222383592;1.615705892
5;0;0;0;2.148281735;1.618975661;2.922875989;0.50773153;0.152554985;1.027502085;3.23436435;4.328809433;1.632737398
5;5;5;3;1.673122233;1.998751171;1.19659208;0.508523685;0.501400649;0.51894764;1.356723763;2.491673083;0.304177682
5;3;5;5;0.01696689;0.400642442;0.544509527;0.522769487;0.51676846;0.531551478;1.708558063;3.1906039;0.460289502
0;3;5;3;0.181054996;0.218468749;0.765723891;0.528611029;0.197537178;1.013109347;2.757661893;3.726909358;1.33925097
1;1;5;3;1.807524676;1.40460449;2.397163973;0.528805294;0.216041219;0.98650882;3.134278458;4.328922139;1.386019412
1;0;5;3;2.289734259;1.904959666;2.852819028;0.53477617;0.222319802;0.992029391;3.212789992;4.449133724;1.403506481
1;3;5;1;0.203314157;0.192555088;0.782635003;0.539824074;0.228564186;0.99532635;2.813551743;3.717308419;1.490980999
1;3;5;0;0.206875581;0.18864227;0.785682194;0.547225385;0.236498197;1.0019481;2.826435402;3.719053246;1.520165385
3;5;3;5;1.612716109;1.98126653;1.073374028;0.568789796;0.091843324;1.266760243;2.234477667;2.965430063;1.164791234
0;1;5;3;1.820990206;1.417765993;2.41107442;0.57641053;0.247601579;1.057594362;3.18179881;4.359696789;1.458045669
0;0;5;3;2.313118072;1.931282886;2.871901272;0.582512224;0.254023341;1.063227661;3.262068225;4.482620869;1.475893624
5;5;5;5;1.706940701;2.035362291;1.22632374;0.58585175;0.581398004;0.592369427;1.222376302;2.473721086;0.608859968
0;3;5;1;0.20940038;0.187357423;0.790021555;0.587720935;0.26049223;1.066592212;2.857791338;3.740993484;1.565300394
1;1;5;1;1.87688994;1.486797642;2.447756717;0.588296902;0.279837431;1.039701007;3.235945769;4.347753594;1.608909928
1;0;5;1;2.435790324;2.093051473;2.937359375;0.594490171;0.286422918;1.045320296;3.315725411;4.469990069;1.626557619
0;3;5;0;0.2129713;0.183434659;0.793077583;0.595294514;0.268623834;1.073349168;2.870929494;3.742762175;1.595076789
1;1;5;0;1.886009496;1.497692163;2.454278762;0.595923519;0.28808367;1.046420859;3.249250604;4.350125263;1.638214517
1;0;5;0;2.460822705;2.126705704;2.949774412;0.602147175;0.294711564;1.052052948;3.329193705;4.472622575;1.655883162
0;1;5;1;1.891410044;1.501348478;2.462231848;0.637295476;0.312994484;1.111882294;3.285375065;4.378926069;1.685056523
0;0;5;1;2.473756238;2.141490162;2.959999276;0.643636256;0.319746894;1.117620689;3.367004082;4.504022082;1.7030753
0;1;5;0;1.900687383;1.512455373;2.468831787;0.645111536;0.32146292;1.118743657;3.298953176;4.381348632;1.714959826
0;0;5;0;2.50775573;2.189558771;2.973409817;0.651485153;0.328261279;1.1244957;3.380757717;4.50672486;1.733000923
3;3;3;5;0.127532914;0.31515976;0.775375851;0.662417892;0.185168619;1.360831462;2.804069336;3.79315263;1.356630368
3;5;3;3;1.578093939;1.944084826;1.042497519;0.684300315;0.207868416;1.381517729;2.428521428;2.987967747;1.609819496
3;1;3;5;1.688275233;1.1910914;2.41586133;0.711670736;0.234757809;1.409592093;3.23775813;4.436012084;1.484215758
3;0;3;5;2.083061297;1.561886582;2.845756001;0.717960428;0.241117042;1.415780018;3.319249793;4.559726905;1.503917434
3;5;3;1;1.560650111;1.925340443;1.026956943;0.745448246;0.270293634;1.440796459;2.53934353;2.999342813;1.866173846
3;5;3;0;1.558463273;1.922990026;1.025009487;0.753277719;0.278344198;1.448302385;2.55412161;3.000769812;1.900490095
3;3;3;3;0.182909034;0.255299203;0.824189382;0.784074674;0.30894287;1.47938951;3.003517633;3.822695187;1.804721213
3;1;3;3;1.809047637;1.325947364;2.516023646;0.836968306;0.363206458;1.530278327;3.444763811;4.476688238;1.934630504
3;0;3;3;2.260152898;1.763710432;2.986654067;0.843747317;0.370198459;1.536745646;3.52909098;4.604876048;1.954771369
3;3;3;1;0.211143693;0.224727949;0.849004634;0.848952443;0.37619993;1.54078539;3.117230138;3.837674938;2.062920674
3;3;3;0;0.214699972;0.220874799;0.852126465;0.857288443;0.384914345;1.54856761;3.132382204;3.839557528;2.097491487
3;1;3;1;1.875455875;1.400868746;2.569973624;0.904113762;0.433462992;1.592870987;3.562490326;4.49750922;2.194169994
3;0;3;1;2.371118028;1.893306509;3.070354397;0.91120134;0.440866555;1.599496149;3.648365087;4.628133621;2.214557477
3;1;3;0;1.884112621;1.410683483;2.576935751;0.912761659;0.442595274;1.600810026;3.578157624;4.500135693;2.228921426
3;0;3;0;2.386806048;1.911873435;3.081829384;0.919891941;0.45005656;1.607455913;3.664232783;4.631075079;2.249341619
3;5;1;5;1.594593822;1.978564536;1.032685459;0.944864389;0.285435702;1.909881981;2.545273019;3.098111037;1.736241774
1;5;3;5;1.582553337;1.956627175;1.035128209;0.994964722;0.34260723;1.949634223;2.576391071;3.128084439;1.769034922
3;5;0;5;1.592310445;1.978226505;1.027555236;0.997825597;0.311781618;2.001792397;2.587692873;3.115715413;1.814976962
3;3;1;5;0.156030913;0.310845033;0.839264005;1.055632451;0.392732242;2.025730316;3.146216357;3.964587811;1.948599595
0;5;3;5;1.578762952;1.9535351;1.030315906;1.05568274;0.377529206;2.048102546;2.623284199;3.149779295;1.852803572
3;5;1;3;1.559822761;1.941352925;1.001485936;1.081724621;0.418395148;2.05245068;2.77337094;3.122691891;2.262169549
1;3;3;5;0.17547064;0.275579546;0.835544083;1.109431916;0.45470291;2.067571925;3.18586788;4.007116814;1.984040173
3;3;0;5;0.159663033;0.310304533;0.847420447;1.111553951;0.421340911;2.121621813;3.193321096;3.987821993;2.030636857
3;1;1;5;1.744674449;1.200361536;2.54122993;1.114995945;0.450941618;2.086782765;3.622205407;4.664188234;2.09735249
3;0;1;5;2.15536763;1.574936643;3.00477883;1.122646739;0.458483436;2.094593037;3.717520027;4.807773595;2.122026999
1;5;3;3;1.547646793;1.919178423;1.003941969;1.137498599;0.483387005;2.094735079;2.806662413;3.153053634;2.299748432
3;5;0;3;1.557520304;1.941011146;0.996314192;1.138390154;0.447462306;2.149504077;2.821579508;3.140623683;2.354685592
3;5;1;1;1.54230284;1.922593119;0.985780479;1.155652737;0.49161225;2.127419304;2.911668874;3.135136326;2.584643336
3;5;1;0;1.540106409;1.920240751;0.983812251;1.165209867;0.501163915;2.13698443;2.93087048;3.13669938;2.629657456
1;1;3;5;1.789131686;1.279106826;2.535509529;1.171118294;0.51596126;2.129884686;3.677876797;4.73142279;2.136102174
3;1;0;5;1.752259533;1.201532657;2.558201303;1.172715218;0.481000567;2.184980561;3.676031903;4.696274722;2.18299363
0;3;3;5;0.181541734;0.270582328;0.843186702;1.173909131;0.49288337;2.170532197;3.238875743;4.036487331;2.071639273
1;0;3;5;2.223705166;1.691033707;3.003224375;1.179090661;0.523926889;2.137866912;3.781377189;4.888140126;2.16172411
3;0;0;5;2.165544847;1.576606024;3.027406541;1.180611936;0.48874546;2.19309946;3.773699504;4.843182762;2.208602052
3;3;1;3;0.211989418;0.250862257;0.889333332;1.20252696;0.537658339;2.175505431;3.381613111;3.997960921;2.479640706
0;5;3;3;1.54382023;1.916052472;0.999090121;1.203170093;0.522695155;2.198987075;2.859820198;3.17514521;2.39836896
3;5;0;1;1.539990627;1.922249407;0.980587533;1.214605025;0.522481862;2.227468191;2.965063597;3.153241646;2.689681088
1;5;3;1;1.530056973;1.900296362;0.988243233;1.215376793;0.562234322;2.171195042;2.946833853;3.165700567;2.626541101
3;5;0;0;1.537792967;1.919896795;0.978616632;1.224475874;0.532289226;2.237431945;2.985163878;3.154826889;2.736876545
1;5;3;0;1.5278517;1.897928532;0.986275848;1.225511558;0.572622115;2.180959524;2.966356037;3.167289348;2.672307289
0;1;3;5;1.802424746;1.29063124;2.551390852;1.237928022;0.556269992;2.235476358;3.740716401;4.774371292;2.228050707
0;0;3;5;2.243125911;1.708876686;3.024954046;1.24622286;0.564536327;2.243812907;3.848524541;4.937525621;2.254864424
3;3;0;3;0.215698834;0.250306382;0.897657688;1.262960142;0.569802327;2.277337432;3.434870822;4.021829848;2.575906393
1;3;3;3;0.232001478;0.214605399;0.885572519;1.263544923;0.609717099;2.22036613;3.42388227;4.041457407;2.520113776
3;1;1;3;1.870259393;1.336494852;2.651378233;1.268187888;0.603573984;2.240793601;3.868489909;4.713126377;2.632436542
3;0;1;3;2.344001848;1.78088423;3.168076412;1.276710558;0.612193963;2.249173867;3.968412055;4.863881594;2.657968828
3;3;1;1;0.240531523;0.220224949;0.914809288;1.282944576;0.618893482;2.254726665;3.524008646;4.01497136;2.805526626
0;5;3;1;1.52621183;1.897152938;0.983371185;1.284303416;0.604701408;2.278842941;3.005668989;3.188002394;2.738839615
3;3;1;0;0.244127051;0.216363285;0.918015348;1.293410947;0.629586829;2.264860876;3.54376022;4.017113618;2.85104793
0;5;3;0;1.524004211;1.894782898;0.981401255;1.294902785;0.615561357;2.289060974;3.026185305;3.189618061;2.787015419
3;1;0;3;1.878588347;1.33783101;2.669940548;1.330997556;0.637791434;2.345445538;3.929125431;4.746689852;2.732689692
1;1;3;3;1.921933348;1.427120314;2.646049984;1.332705086;0.680428735;2.287255845;3.928228558;4.783562452;2.676520419
0;3;3;3;0.238223272;0.209463699;0.893374936;1.334237473;0.653748315;2.330075266;3.483624822;4.07165725;2.623089562
3;0;0;3;2.356192671;1.783117538;3.194839207;1.339851759;0.646709151;2.354206795;4.031769696;4.901320272;2.759256657
1;0;3;3;2.444127855;1.945700692;3.17353346;1.341727379;0.689737939;2.295858267;4.037859599;4.949939492;2.703108537
3;3;0;1;0.244281829;0.219660764;0.923222209;1.346268819;0.653496079;2.360082585;3.582705434;4.03918171;2.914691372
1;3;3;1;0.260853721;0.183431976;0.911027912;1.349261153;0.698627303;2.301408251;3.568412749;4.058983709;2.850504026
3;1;1;1;1.939704608;1.412318321;2.711489419;1.352869081;0.690244178;2.322564062;4.016848915;4.738455278;2.960839603
3;3;0;0;0.247882581;0.215798028;0.92643957;1.357139435;0.664546777;2.370689667;3.603395264;4.041367884;2.962459722
1;3;3;0;0.26448927;0.179501185;0.914231399;1.360524027;0.710493294;2.311788514;3.588521272;4.061192089;2.896807882
3;0;1;1;2.464524737;1.914906357;3.268844316;1.361996082;0.699644588;2.331290952;4.119378196;4.893251709;2.986880373
3;1;1;0;1.948781783;1.422265014;2.719294129;1.363947328;0.701732294;2.3330425;4.037380415;4.741664928;3.006720153
3;0;1;0;2.481790157;1.934309079;3.282981979;1.373162176;0.71124844;2.341816425;4.140252963;4.896991294;3.032831015
0;1;3;3;1.937022973;1.440601446;2.663493501;1.406691942;0.727769705;2.400236679;3.998859603;4.828788312;2.784329785
0;0;3;3;2.471806175;1.973891547;3.200461727;1.416183476;0.737563927;2.409285254;4.11369765;5.003018089;2.812253104
3;1;0;1;1.948514041;1.41377181;2.731063646;1.419035698;0.727464392;2.431091267;4.083325398;4.77284282;3.074275513
1;1;3;1;1.996762761;1.51170533;2.706602903;1.423821285;0.776521365;2.371089461;4.079561662;4.810686567;3.009622776
0;3;3;1;0.267156306;0.178211921;0.918914688;1.424271452;0.747160514;2.415165507;3.634153658;4.089631131;2.967601258
3;0;0;1;2.478479627;1.917778243;3.299018239;1.428565816;0.73724863;2.440249502;4.188806028;4.93185513;3.101417098
3;1;0;0;1.957658405;1.423735726;2.739008667;1.430590751;0.739397766;2.442092679;4.104851601;4.776160064;3.122448971
1;0;3;1;2.615497449;2.155842584;3.288163106;1.43362945;0.786891553;2.380075154;4.1927678;4.982689347;3.036785048
1;1;3;0;2.006652579;1.522968618;2.714482766;1.435891021;0.789486363;2.381849057;4.100562086;4.81413112;3.05631472
0;3;3;0;0.270802235;0.174271015;0.922128943;1.436170079;0.759723579;2.426091785;3.655306178;4.09189716;3.016392546
3;0;0;0;2.496044894;1.937306164;3.313711329;1.440220102;0.749311959;2.45130519;4.210707002;4.935748638;3.149670462
1;0;3;0;2.647221349;2.19680266;3.306370651;1.445819179;0.800022721;2.390887167;4.214245012;4.986882379;3.083556181
1;5;1;5;1.564205819;1.953906728;0.993911805;1.499121237;0.58424444;2.83796533;2.955925645;3.281184993;2.479936354
0;1;3;1;2.013177917;1.526718691;2.725069467;1.503036477;0.829588797;2.488569667;4.156837868;4.857206706;3.131907862
0;0;3;1;2.664296197;2.21428457;3.322849799;1.513462174;0.8406483;2.498067844;4.275846951;5.038001571;3.160498727
0;1;3;0;2.02326839;1.538221162;2.733093602;1.515899176;0.843470897;2.499940559;4.178972394;4.860821592;3.1811443
0;0;3;0;2.711727477;2.27965315;3.344031371;1.52647155;0.854734848;2.509500869;4.298542284;5.042496996;3.20982807
1;5;0;5;1.561893472;1.953566384;0.9887136;1.580449622;0.619221421;2.987125039;3.011471213;3.302558398;2.585489965
0;5;1;5;1.560386597;1.950812313;0.989031891;1.589196621;0.628384376;2.995263323;3.016244409;3.306758432;2.591101936
1;3;1;5;0.204854448;0.271190349;0.901505371;1.65433004;0.724723164;3.014730348;3.615301903;4.217502766;2.734032347
0;5;0;5;1.558070539;1.950471676;0.983824973;1.679840536;0.665301112;3.164532374;3.074917021;3.32904178;2.703027128
1;5;1;3;1.529144287;1.916427284;0.962388682;1.694133529;0.76037934;3.060603073;3.257322813;3.31009847;3.180090143
1;1;1;5;1.853008774;1.289102981;2.678236763;1.74285758;0.806043835;3.113804522;4.191704448;5.050928662;2.93430316
1;3;0;5;0.208605328;0.270640483;0.90994066;1.74605142;0.765382964;3.18117599;3.679819975;4.248299058;2.847899367
1;0;1;5;2.313951453;1.706205292;3.20333608;1.754700152;0.816998161;3.126946969;4.334399683;5.262423125;2.976316598
0;3;1;5;0.211042961;0.266183486;0.909423129;1.756071466;0.775920247;3.190439104;3.686290301;4.254803248;2.854320135
1;5;0;3;1.526812058;1.916083094;0.957147127;1.788953204;0.802316582;3.232811676;3.328863064;3.332364311;3.323739288
0;5;1;3;1.525288092;1.913298891;0.957467411;1.799716292;0.813838232;3.242464672;3.334440622;3.33665889;3.331194374
1;5;1;1;1.511475205;1.897529382;0.946517872;1.808502671;0.866544731;3.186977706;3.480271462;3.324920076;3.707614955
1;5;1;0;1.509259938;1.895159548;0.944528803;1.824035217;0.881249638;3.203721431;3.518592598;3.326791749;3.799276768
1;1;0;5;1.861826526;1.290367707;2.698107723;1.842190412;0.851249611;3.292347682;4.273936585;5.103433528;3.060038619
0;1;1;5;1.867481233;1.300731763;2.696870702;1.853186765;0.862856246;3.30245094;4.284905227;5.116537738;3.06788204
1;0;0;5;2.327896118;1.708161196;3.234825273;1.855220634;0.862946865;3.307328589;4.427181062;5.328728754;3.107842978
0;3;0;5;0.21480964;0.265632407;0.917895562;1.861612377;0.81972859;3.386320358;3.755465294;4.287670017;2.976629113
0;0;1;5;2.336845283;1.724393888;3.233115617;1.866372009;0.87472338;3.317565123;4.442108892;5.347933401;3.116512051
1;3;1;3;0.262028309;0.210085752;0.952926936;1.878873572;0.931161348;3.26576951;3.931004401;4.260231359;3.449208853
0;5;0;3;1.522952047;1.912954395;0.952216904;1.90953427;0.859179309;3.44663909;3.413271735;3.360117767;3.49105803
1;5;0;1;1.509132804;1.897183207;0.941254165;1.914033419;0.914695748;3.37647879;3.580047822;3.347720637;3.920038825
0;5;1;1;1.507600016;1.894383462;0.941575461;1.926825553;0.928803251;3.387345995;3.587148246;3.352068964;3.931166707
1;5;0;0;1.506916255;1.894813121;0.939262303;1.931288767;0.930511601;3.395840716;3.628686552;3.349664551;4.037011431
0;5;1;0;1.505382351;1.892011411;0.939583727;1.94449605;0.945187675;3.406898551;3.636454909;3.354019988;4.049774305
0;1;0;5;1.876504103;1.302009975;2.717227217;1.970736047;0.91260731;3.519217125;4.37671189;5.176360873;3.206493865
0;0;0;5;2.351695585;1.726397065;3.26676659;1.985973747;0.925517873;3.537860393;4.550823833;5.428430865;3.266520859
1;1;1;3;1.993019983;1.438827412;2.804033502;1.990346569;1.037254173;3.385115928;4.533885704;5.128666602;3.663474634
1;3;0;3;0.265865057;0.209519472;0.961549733;1.991247714;0.983423538;3.466112362;4.013919339;4.29312631;3.605323771
0;3;1;3;0.268375946;0.2049333;0.961023624;2.004516564;0.997785944;3.477780884;4.021446361;4.299928783;3.613911109
1;0;1;3;2.559619218;1.968928807;3.42404421;2.005824994;1.052229587;3.401330468;4.695328952;5.368622192;3.710021771
1;3;1;1;0.291221403;0.178841459;0.979118275;2.018456434;1.064773974;3.414089304;4.164483887;4.282515674;3.991754442
1;3;1;0;0.294900538;0.174901513;0.982415734;2.038185022;1.084232991;3.434212384;4.204767659;4.285350776;4.086841146
0;5;0;1;1.505253745;1.894036974;0.936302676;2.053715308;0.982589082;3.621217102;3.715967577;3.376284042;4.213065434
0;5;0;0;1.50303479;1.891664671;0.934308134;2.074434752;1.000791906;3.645619406;3.80678946;3.37834103;4.433787162
1;1;0;3;2.003065713;1.44031443;2.826604177;2.117668087;1.099643274;3.607460497;4.640007134;5.189127244;3.836416728
0;1;1;3;2.009745984;1.452486589;2.825247538;2.13336024;1.116861363;3.620919572;4.653275415;5.204215714;3.847021319
1;0;0;3;2.579913146;1.972042712;3.469479636;2.135727978;1.11651716;3.627256005;4.818241215;5.451684959;3.891250371
0;3;0;3;0.272229692;0.204365667;0.969686316;2.143476974;1.05695483;3.733509379;4.115030679;4.335880866;3.791835282
1;3;0;1;0.295103784;0.178266259;0.987840433;2.150326474;1.129733552;3.643877091;4.279280178;4.316759126;4.224432937
0;0;1;3;2.594803665;1.998442338;3.467527558;2.151870934;1.134274666;3.641036205;4.838455867;5.477555355;3.903188324
1;1;1;1;2.07275555;1.524761585;2.874697938;2.153974718;1.199267187;3.55110769;4.784633437;5.171657614;4.218256592
0;3;1;1;0.297654494;0.173610001;0.987309853;2.167663429;1.149330507;3.657906729;4.288654896;4.323742404;4.237307324
1;3;0;0;0.29878876;0.17432516;0.991150595;2.173576198;1.151774399;3.668895904;4.331284269;4.319783081;4.348115276
1;0;1;1;2.765170386;2.197764996;3.595519738;2.173865622;1.21968574;3.570226425;4.959824664;5.432384726;4.268273354
1;1;1;0;2.083352504;1.536236359;2.884010278;2.178379275;1.224590977;3.574167027;4.827588238;5.177278384;4.315846561
0;3;1;0;0.301344616;0.169659852;0.990619447;2.191884521;1.172716768;3.683349525;4.341463427;4.326791062;4.362935182
1;0;1;0;2.807388051;2.247152602;3.627244805;2.199247132;1.246305074;3.593796485;5.004871876;5.441117725;4.366463315
0;1;0;3;2.020100037;1.453996873;2.848543692;2.302440299;1.192100625;3.927327628;4.780515272;5.277818381;4.052754625
1;1;0;1;2.083685458;1.526425855;2.899187317;2.313602997;1.28622022;3.817089987;4.928417627;5.238035716;4.475317983
0;0;0;3;2.618092178;2.001758464;3.520043954;2.32715797;1.21308579;3.957507503;5.000576046;5.595515946;4.129932291
0;1;1;1;2.091193586;1.54004005;2.897759737;2.337362074;1.314202176;3.834669241;4.944668931;5.254644816;4.491045684
1;0;0;1;2.797183604;2.204234023;3.664914699;2.339233565;1.311855857;3.842713138;5.127384028;5.531199345;4.536434784
1;1;0;0;2.094413348;1.537928612;2.908781255;2.344996051;1.317801659;3.848207357;4.984592368;5.244548382;4.604168931
0;3;0;1;0.301554541;0.173033365;0.996073428;2.346867131;1.22919905;3.982478956;4.4433162;4.362044281;4.562250716
0;0;1;1;2.835721391;2.267825281;3.66678887;2.364677439;1.342140745;3.861072601;5.154693313;5.565098575;4.554100245
0;1;1;0;2.102053214;1.551770916;2.907344382;2.371339561;1.349527213;3.866674705;5.001895975;5.26139144;4.622146514
1;0;0;0;2.843800955;2.255630168;3.704538691;2.372689638;1.34605675;3.875079229;5.187029723;5.542675452;4.666572558
0;3;0;0;0.305250591;0.169082053;0.999395923;2.380230268;1.25824658;4.022157615;4.554149747;4.365459937;4.830281177
0;0;1;0;2.91569506;2.369745689;3.714645359;2.401440085;1.38119767;3.894477765;5.216308114;5.578258195;4.68662507
0;1;0;1;2.102529032;1.54173939;2.923196802;2.607108177;1.448604139;4.30247994;5.155137227;5.342719177;4.880627056
0;0;0;1;2.884483332;2.277114241;3.773316147;2.668335228;1.500647836;4.377146046;5.450319079;5.762597616;4.993326097
0;1;0;0;2.113535972;1.553500566;2.93309998;2.686025783;1.515701255;4.398695823;5.301510034;5.352578843;5.226775192
0;0;0;0;3.017678662;2.414791875;3.899952009;2.83892354;1.644428592;4.586964928;5.675190178;5.846138297;5.425022199
